,A,B,C,D
2000-01-01,-0.717028014362,0.489123269319,-0.579986529166,0.577652456968
2000-01-02,1.88276348052,-0.733968070229,0.974300983064,-1.13820385934
2000-01-03,3.31832029235,-0.808995732353,-0.133514723279,-0.534213022094
2000-01-04,4.10405426244,0.487776297278,0.24659860632,0.0815493558398
2000-01-05,4.04928369681,3.56148148396,-0.822352121147,0.0877836945
2000-01-06,4.97748197771,4.6447732547,-0.845745853991,-1.58937908212
2000-01-07,3.50186365363,5.06750950906,-0.245167744605,-1.96826218559
2000-01-08,3.53129295704,4.34572642048,-1.48984073739,-2.59236819381
2000-01-09,5.09914221048,3.15691535131,-2.14710307659,-2.26104198296
2000-01-10,5.40449000806,4.41248363867,-1.85986078754,-0.710085796298
2000-01-11,5.82789203861,2.94924864561,-2.75957292714,0.19537212965
2000-01-12,6.22233021195,3.27871655789,-2.5445570055,-0.489652744802
2000-01-13,6.16934383661,3.74848649764,-2.32837858857,-0.207293804141
2000-01-14,5.43701620628,3.45885956803,-2.93236960498,-0.89883499724
2000-01-15,5.27550511089,3.88084446567,-3.56747198913,-0.873649767197
2000-01-16,4.98318216508,2.41085591092,-3.54522598114,0.025935890134
2000-01-17,5.45811173459,2.65450484637,-2.71026090657,0.434637489772
2000-01-18,5.19653238131,2.93903474162,-3.36818586118,-0.213499628188
2000-01-19,6.01300210162,2.89880485295,-3.94540502476,0.950435459965
2000-01-20,6.61660514227,2.17751064769,-4.28637075018,1.0162226525
2000-01-21,5.58861044183,1.90289353299,-4.99697972382,1.58006160877
2000-01-22,4.12155927127,-0.01613212216,-3.11185317268,1.51037701615
2000-01-23,5.10148867714,-1.1947142511,-3.37085081186,-0.814447521696
2000-01-24,5.47230085757,-2.82770605806,-2.46002040503,-1.12863136428
2000-01-25,4.66810343931,-3.01591546553,-2.25508388909,-1.22972390213
2000-01-26,5.58059560465,-2.94883621842,-0.829348816004,-1.94651368255
2000-01-27,4.4022358693,-2.29085225041,0.470306583142,-1.27013423864
2000-01-28,6.38092149639,-3.25188262764,2.97603126235,-1.28657089383
2000-01-29,5.83455901653,-3.49349524809,3.57911711446,-2.22250288058
2000-01-30,6.80775891592,-5.34567739096,3.6379327383,-1.7390498359
2000-01-31,7.12562031476,-4.54144689177,4.84415480831,-2.5942992582
2000-02-01,6.70242703149,-5.06505525704,5.89006010377,-2.93692945875
2000-02-02,5.06940198321,-5.08092719004,5.47378182521,-2.91165196317
2000-02-03,4.17907655204,-1.88126877902,5.69166388713,-1.42346767279
2000-02-04,4.65593750034,-1.16939505726,5.01412994651,-2.11417827113
2000-02-05,4.52098456268,-1.43097350001,4.41717870245,-3.76326087131
2000-02-06,4.36693489062,-1.49065335043,2.51405923285,-3.84295278338
2000-02-07,6.1377815142,-2.12191551973,0.0261329493502,-2.01923028401
2000-02-08,6.53491588913,-1.05201020673,0.286428097266,-1.91594296899
2000-02-09,6.05961053031,-3.44848845358,0.443731284486,-1.3040038629
2000-02-10,7.42941422228,-3.00395478152,-0.0288841972698,-2.14929199037
2000-02-11,6.46630651228,-3.25596566145,-0.679219189748,-3.16062677153
2000-02-12,5.76544699678,-4.11175972272,-0.498003638444,-3.94409499877
2000-02-13,5.28221347087,-5.38171529964,-1.39457420868,-4.94399819953
2000-02-14,5.92395739989,-5.37103314168,-1.92558223406,-4.39486631798
2000-02-15,5.64643579305,-5.66129781696,-2.92881598258,-5.13400015272
2000-02-16,7.0968975672,-6.12950808955,-3.53726636072,-4.45871303769
2000-02-17,6.26043735562,-4.94489317344,-2.98224533697,-4.57726978523
2000-02-18,5.27502119532,-6.38833023072,-3.14213153118,-5.34568965114
2000-02-19,6.0540866517,-6.2323293088,-3.6806959928,-3.66912944889
2000-02-20,4.36232249424,-8.60531492364,-2.32743916208,-3.82586269447
2000-02-21,4.05844328107,-7.96216741401,-2.89883096904,-2.48942627459
2000-02-22,3.89310426007,-9.30498126646,-2.80186929854,-2.49212506055
2000-02-23,3.9910507868,-9.46030525846,-5.24665717362,-3.28835509918
2000-02-24,4.28870597377,-7.11206333735,-5.09626377929,-2.47815160095
2000-02-25,6.1023059849,-7.12531813508,-4.37947037096,-2.70024899514
2000-02-26,7.02120761848,-5.70159453021,-2.63726945739,-3.97742416089
2000-02-27,7.34386391885,-6.36499104867,-2.49381794922,-2.92829420625
2000-02-28,6.93228522411,-5.60712662504,-2.320227224,-2.46234465923
2000-02-29,7.21560827921,-4.63819003951,-2.47545104739,-2.75625211596
2000-03-01,8.26890424511,-4.88897442936,-2.40423778923,-2.73497531487
2000-03-02,9.13566021599,-5.2989737778,-1.73223731451,-4.11367723751
2000-03-03,8.23570711082,-6.71288850657,-1.20006248492,-4.42051735692
2000-03-04,8.51377691186,-6.66630582712,-1.62571949507,-5.42060730563
2000-03-05,7.60422567058,-2.98523413701,-0.739327409793,-5.78623684804
2000-03-06,8.19716583151,-3.03995342173,-1.26643035114,-5.9960813974
2000-03-07,10.1426436504,-4.77096649169,-1.82968535569,-6.1241984344
2000-03-08,10.0556204024,-4.79593032793,-1.13524770705,-6.03644220593
2000-03-09,11.7061361978,-4.40244802251,0.415317863346,-5.55969716629
2000-03-10,10.7688117978,-5.65254345028,1.72257811335,-6.79297210191
2000-03-11,10.1295117735,-5.49912682416,2.76364105773,-8.00581090194
2000-03-12,9.71893545239,-4.31467788688,2.14242563588,-8.1287342857
2000-03-13,9.67727248788,-4.01168785805,2.93001857543,-7.49249734807
2000-03-14,9.78884370138,-4.8911471617,3.83105846162,-6.35239471534
2000-03-15,9.06637839245,-3.55240453173,4.24071154388,-6.51458910102
2000-03-16,7.82828524306,-2.61202852672,4.53599860638,-6.734988752
2000-03-17,8.44605933488,-2.37595469894,3.92225103645,-5.9202373678
2000-03-18,8.37551538969,-2.54652481085,2.97738487542,-6.52787338765
2000-03-19,9.82666165647,-3.54562458322,2.31711832838,-6.1243244274
2000-03-20,8.85132025188,-3.07414843565,2.13325598273,-5.72645642572
2000-03-21,8.92164548843,-3.08614958019,2.07500166538,-5.52417616842
2000-03-22,7.71901948293,-2.8042800694,0.826286305278,-6.03829691273
2000-03-23,9.13708619637,-2.70597624939,0.332500830694,-6.30144375785
2000-03-24,9.87357051899,-1.4983938725,-0.137984878162,-6.17351470465
2000-03-25,9.58892706236,-1.71253685923,-0.710018503122,-5.99732499068
2000-03-26,10.4904252815,-1.26203336036,-0.251336368168,-5.82357984263
2000-03-27,9.88177781832,-0.252309685086,-2.10831818818,-5.0195352116
2000-03-28,10.0666915821,1.44953384879,-0.977138308314,-4.97074219281
2000-03-29,9.59987545479,2.27781333494,0.775089861872,-5.03657932155
2000-03-30,12.0956394832,3.31896117384,0.334724038988,-3.9720228657
2000-03-31,13.2952187743,3.41613455013,-3.30252551062,-4.56564593467
2000-04-01,13.7906031666,3.50285311438,-2.85861533437,-2.93895716329
2000-04-02,13.5756492968,2.85650282669,-3.82709321311,-3.80686255829
2000-04-03,13.2091721607,2.81014394494,-2.34349131661,-2.32551411299
2000-04-04,13.248658101,3.06709759481,-2.73634555206,-3.52674951753
2000-04-05,14.8013241029,4.03499525517,-2.76291030348,-4.19249453622
2000-04-06,15.4439126043,4.12344028638,-3.04860711108,-5.54980628772
2000-04-07,13.3905227376,3.43706912414,-4.47133873018,-3.90626383166
2000-04-08,13.3786383094,2.83303948696,-3.51532405521,-2.87864709342
2000-04-09,12.981013325,3.16998766829,-4.98180201227,-2.61625200048
2000-04-10,11.4488178235,2.42725603185,-5.77205060296,-3.31013113658
2000-04-11,9.54123139377,2.08589846839,-7.36383517828,-2.9369408988
2000-04-12,8.86349180083,0.878197552228,-9.08093367133,-4.45561736754
2000-04-13,7.97650244884,0.558168987157,-11.0416026306,-4.16318939307
2000-04-14,9.86556236992,2.69549891915,-11.7408130112,-6.05054085159
2000-04-15,10.1827650077,2.96642317582,-12.617747258,-5.84289062763
2000-04-16,9.47268285289,2.34487549318,-13.2656817661,-5.19660367549
2000-04-17,9.30085723789,2.91068702229,-13.5863184678,-2.77013514725
2000-04-18,10.2271711686,3.35842752078,-13.8456595038,-1.22907985225
2000-04-19,9.65763368117,2.26721413612,-14.2843748886,-1.33963009035
2000-04-20,9.25392687925,1.73619835457,-14.3931338717,0.528404938783
2000-04-21,9.75014003816,1.4159088214,-14.3499838186,0.928169065042
2000-04-22,9.88776073779,2.84482544778,-15.0177226298,1.57609625339
2000-04-23,9.70367838409,1.24694178293,-16.0936614136,2.95955428491
2000-04-24,11.0685486048,0.892327450956,-16.3713073127,2.45813804742
2000-04-25,11.031038655,0.742493620134,-16.2113321797,2.5375787503
2000-04-26,11.3491417861,-0.594159745286,-17.2343989036,3.43865260059
2000-04-27,12.0547536035,-3.29689920302,-17.3463437446,4.33966480226
2000-04-28,13.0925163232,-2.85981912092,-16.782369154,3.54202465619
2000-04-29,14.1175183221,-1.9251195978,-17.23345125,4.3796552006
2000-04-30,15.0931360447,-1.26779781555,-16.5078645383,4.34105083982
2000-05-01,14.0316503993,-2.73757757496,-14.490115422,5.61609474764
2000-05-02,13.880931147,-2.84102701104,-13.8711546582,5.8628146111
2000-05-03,12.6185583701,-2.63262213069,-13.334653645,6.22388574029
2000-05-04,13.3500230668,-3.32814774867,-13.6178818162,5.01244502563
2000-05-05,13.9592852059,-2.9483294163,-15.7812737775,6.27676214743
2000-05-06,14.4134679153,-3.82063065224,-15.7586074049,8.75184000784
2000-05-07,13.478804662,-4.94233917532,-15.4158978408,9.13969885881
2000-05-08,14.2056417003,-5.01296521317,-15.650005346,8.29338923147
2000-05-09,15.807418807,-4.81656249667,-15.9073031127,8.82673818784
2000-05-10,15.1588617744,-4.89147136047,-16.8560089685,9.47779344595
2000-05-11,14.5346407794,-4.78022348144,-17.5584816136,9.06251309214
2000-05-12,15.0758837951,-4.90765774668,-16.9733164133,10.5385972881
2000-05-13,15.1870177267,-4.67618776463,-16.7111628167,11.6709384156
2000-05-14,14.2713891309,-4.57753185986,-16.5246204858,11.0854731001
2000-05-15,14.3366240014,-6.02794009738,-17.8461873099,11.5212259058
2000-05-16,15.0242130753,-6.15970549299,-18.2681909786,11.825961129
2000-05-17,14.3608190887,-6.10253357488,-17.4421310561,10.85700894
2000-05-18,12.5627941792,-6.89065279696,-17.3067038735,11.6209684865
2000-05-19,12.2693930514,-8.33578566877,-17.3968403073,12.4761109362
2000-05-20,12.0009936877,-6.85608434828,-18.0995434375,12.4516844427
2000-05-21,11.3166611501,-6.43570005903,-18.0890956857,11.7853086693
2000-05-22,11.632830453,-7.20476604755,-16.9695842072,10.7175236829
2000-05-23,10.0022712522,-6.57409438847,-18.6791561243,10.4472281526
2000-05-24,9.82063740037,-7.47885810506,-20.6814794063,8.92184931653
2000-05-25,8.56539046836,-6.88997362628,-22.14943049,8.260133898
2000-05-26,9.48589455619,-6.75314705139,-19.6005936199,9.09865714864
2000-05-27,7.85904021673,-8.1833372768,-21.7996220985,9.38933368142
2000-05-28,8.77852995779,-7.4857351696,-24.0147185657,10.2334780274
2000-05-29,10.0355426637,-7.29656175249,-25.3078134332,10.2114905771
2000-05-30,9.0677645791,-6.76877785218,-25.2689209899,8.47700076743
2000-05-31,9.32456553727,-7.01956600347,-26.1450874206,8.6152982579
2000-06-01,8.5945423727,-8.19842205026,-25.8732312629,9.2604424181
2000-06-02,7.96300570567,-7.95185641446,-26.9231901315,8.35058364368
2000-06-03,7.82020041608,-6.41237238828,-27.3376663557,8.72237061605
2000-06-04,7.59671119182,-6.41452700236,-27.2635505046,8.55781971262
2000-06-05,8.7236393804,-5.69692593525,-27.8090995309,8.14232664366
2000-06-06,9.25704060347,-4.84651197065,-26.7653508366,7.00581182616
2000-06-07,8.87682023823,-6.61652226159,-25.6771970437,6.40980189066
2000-06-08,9.81569945389,-8.13956738613,-25.9546217392,7.25686458269
2000-06-09,9.82218680332,-8.33526447044,-24.511611054,8.1915994467
2000-06-10,11.4711566079,-8.21243066736,-24.4303803617,9.02389759033
2000-06-11,12.7327456129,-7.84365447861,-24.6377138431,9.29052775852
2000-06-12,12.5557369075,-8.03548469528,-24.6477582293,9.65120777429
2000-06-13,12.5803901501,-8.01761740038,-23.8176882367,10.0920898695
2000-06-14,11.3956765526,-6.7961242235,-24.4376922697,8.48568238406
2000-06-15,11.7202757808,-7.66406278779,-23.6001914588,10.078702313
2000-06-16,12.5602750687,-7.05094856686,-25.0190711817,9.76329798315
2000-06-17,10.6922886525,-6.83102160787,-24.1725062653,12.510723851
2000-06-18,11.3727237744,-7.01321831754,-23.6136046787,13.0613258543
2000-06-19,12.2265151913,-6.01875708635,-23.4701725023,13.1314646634
2000-06-20,9.89198245945,-6.20381166036,-24.3902375756,12.2180652592
2000-06-21,12.7093849698,-5.65946684186,-24.1021240733,11.6851457804
2000-06-22,12.5964795649,-6.53881936697,-23.8254543326,12.0607077456
2000-06-23,11.4924089261,-5.14499824707,-25.283242922,11.335617218
2000-06-24,12.0769703498,-5.00702703576,-25.0099505899,11.8914095361
2000-06-25,12.9428473437,-5.043045637,-25.3068236121,12.5430473795
2000-06-26,12.4832723529,-4.1726068709,-24.9047055753,12.3605404506
2000-06-27,12.6190178431,-3.41997532724,-24.1162319422,13.0411084718
2000-06-28,12.4265505668,-1.67887643224,-23.8701969874,13.630102103
2000-06-29,13.6863917618,-1.03016108514,-24.9747359004,15.0093837613
2000-06-30,13.9436603912,-2.03458540947,-24.9039685135,16.79849349
2000-07-01,12.7549824059,-1.59925529486,-25.8221018649,16.3527535141
2000-07-02,15.5113714787,-1.1274842618,-25.5392418829,15.768236057
2000-07-03,14.4799911843,-2.44488226859,-25.4142714915,15.0788177404
2000-07-04,13.4269555097,-2.18446393288,-24.1636485553,14.2257326723
2000-07-05,11.5422507309,-0.969446050931,-23.3237779422,15.0162751104
2000-07-06,11.7467307812,-0.778693250994,-23.3715630405,15.7324153658
2000-07-07,11.1850641883,-2.96616472098,-23.840457401,17.0999812704
2000-07-08,11.0907636537,-2.41862075176,-23.1310622406,17.0683745308
2000-07-09,8.41527516266,-1.28031780799,-23.7639743507,16.1246498434
2000-07-10,11.6489945545,-0.0811139559301,-23.3977171276,16.0326956457
2000-07-11,12.4112086955,-0.128256622416,-23.2586400456,15.7917737951
2000-07-12,12.4625151308,-0.844378824935,-23.2585204399,16.2620543799
2000-07-13,12.2231911045,0.846534880253,-23.5826082324,16.3221293107
2000-07-14,10.7802677065,1.55071232416,-23.1468149324,15.741593999
2000-07-15,9.71139887346,1.33664038985,-23.0891275171,16.8115729509
2000-07-16,7.8382999398,3.11878808613,-21.6741648689,15.6127829502
2000-07-17,9.47181392895,3.33251572862,-20.8036221603,16.9518494872
2000-07-18,9.71120507471,4.04445124546,-23.0521804471,17.1637384657
2000-07-19,9.05779855357,4.47692391058,-23.9166850802,17.9882616494
2000-07-20,8.0624610777,2.76662805092,-25.3980759495,17.8913268513
2000-07-21,7.92723183854,3.19164210183,-23.8845541791,19.2772468225
2000-07-22,7.64918542029,3.07702838254,-24.4575763537,18.1926960437
2000-07-23,8.17707005679,4.67657294029,-22.5807033766,19.5937398528
2000-07-24,8.45005704656,4.30730947271,-22.9718066974,19.7177796914
2000-07-25,8.77154428922,3.40435783047,-22.9787700571,19.4800637628
2000-07-26,9.96465849223,3.10693886086,-24.7970007858,19.7345046806
2000-07-27,9.98678694873,2.51678499229,-26.1427236895,18.9560258841
2000-07-28,9.31646625453,1.46387890606,-25.6384904069,18.6913193248
2000-07-29,9.1796892337,2.18829251341,-22.5351765902,19.6923001126
2000-07-30,9.58702011343,1.2919497895,-24.1807114696,18.9242129959
2000-07-31,11.4652905216,-0.878153313781,-24.5953061226,20.4941405247
2000-08-01,11.222819928,-0.108537655394,-23.9036392094,20.8057334649
2000-08-02,10.4795581177,-0.0984363831576,-25.7041530418,21.0770828924
2000-08-03,10.5591551116,-1.77500072671,-26.8246573955,22.2355876099
2000-08-04,9.08825228253,-1.51512165544,-27.5764464268,20.7218989693
2000-08-05,9.5487037669,0.178986308688,-28.2298674038,20.1624985033
2000-08-06,9.22206089298,0.0169757344698,-29.4578231217,19.1385439606
2000-08-07,9.51044833756,-0.293025330006,-27.4983180172,18.9029123253
2000-08-08,10.04413811,-0.994616967748,-28.2906867409,19.6985436834
2000-08-09,10.4749501669,-0.225702912229,-30.7367267468,20.0322102157
2000-08-10,8.12310693479,2.04759962625,-29.8795337045,18.7131205148
2000-08-11,9.72046104944,2.17431480701,-29.9249325915,18.2670802079
2000-08-12,6.30406104431,2.14731709811,-29.0068560113,18.2473667993
2000-08-13,7.35809221679,3.649164421,-29.400392059,20.4416602578
2000-08-14,6.70197628317,6.07301118895,-30.5316374035,21.2640401027
2000-08-15,6.99972414248,5.14791406958,-30.4848560556,21.0781022409
2000-08-16,7.79477097718,4.85708749975,-30.4515693753,19.9712020714
2000-08-17,8.3577179653,5.46463088955,-31.2994293276,20.7423330058
2000-08-18,8.19622150388,4.74679729767,-30.3066426427,21.2905897677
2000-08-19,10.1206701577,7.6979874332,-30.1254359384,20.7557287563
2000-08-20,11.0287874136,7.81827656706,-31.4038183242,19.3064116846
2000-08-21,12.0804654752,6.58686707522,-31.2327527277,18.7721161883
2000-08-22,13.0005484099,5.49501026284,-31.0444110804,18.033784317
2000-08-23,12.4850314246,4.535576474,-31.1195401933,19.2316972741
2000-08-24,12.8990957485,4.85207509924,-31.4043277003,21.0988398991
2000-08-25,12.3829844463,3.91054707216,-31.7593272925,22.6872922713
2000-08-26,12.9497723311,3.87477836546,-31.4545353281,22.2977676919
2000-08-27,14.2400744652,3.54412879512,-31.4162303941,21.9553328226
2000-08-28,15.5111444674,5.45825367607,-31.7462784162,21.1221346323
2000-08-29,15.0317535613,6.00453894405,-31.5967915009,21.9998973945
2000-08-30,15.5906319893,5.81454033114,-33.9800822173,21.5573158864
2000-08-31,14.6715231182,5.36419817354,-33.7531004028,22.0233070093
2000-09-01,14.230392679,4.67673434188,-34.821412586,21.9541207095
2000-09-02,15.6943954576,4.00783570183,-36.2715023517,22.617833897
2000-09-03,17.5758999663,3.36982069999,-36.9145876815,21.4254091295
2000-09-04,19.2886081379,3.74988070082,-38.8936192945,24.0650092989
2000-09-05,19.1129352658,3.9464263448,-38.4380736924,22.3664361804
2000-09-06,18.3183474389,4.87943353437,-38.5169768412,22.9608087708
2000-09-07,17.1003814224,3.36047309818,-38.3607727253,24.7734684634
2000-09-08,16.3902813573,2.55996080606,-39.1036356697,26.4180970399
2000-09-09,16.3315211416,4.56178801501,-38.6924421874,27.0281507916
2000-09-10,17.0887777662,5.01667014156,-39.8771907027,25.8810662736
2000-09-11,16.1644708626,4.55361750081,-40.4685312985,27.0776683664
2000-09-12,16.6327465581,6.1559347249,-41.8127505084,26.5779891194
2000-09-13,15.8255268463,8.04167074593,-41.1658812153,26.2121406752
2000-09-14,15.4443952831,7.60608646512,-41.0506378976,25.7925158762
2000-09-15,15.1066895453,8.92718379846,-42.6003354399,27.7383422818
2000-09-16,14.8783315708,8.33218516435,-41.4436840164,25.5901595169
2000-09-17,12.798270276,7.04357408573,-40.5487708777,26.8947641375
2000-09-18,12.6733100865,8.37015606809,-38.9053573983,27.228999833
2000-09-19,11.2361261079,7.86225651289,-38.6893752807,29.0244354453
2000-09-20,10.7483484834,8.44821523381,-39.4576412729,28.8586842637
2000-09-21,9.46576270955,6.91354356056,-38.6119074235,29.2084138867
2000-09-22,9.90240143611,6.96416509928,-38.8902162239,29.5112275642
2000-09-23,11.1943253697,7.19812008168,-39.2765377871,27.5046202977
2000-09-24,10.2159259828,4.32928516717,-38.4616700932,28.942606895
2000-09-25,11.0104599032,3.24037710093,-37.3709503861,28.1009790169
2000-09-26,9.27238569916,3.2156330357,-36.5634942556,27.4542820751
2000-09-27,9.44596731564,2.39451180351,-38.7700352166,29.4320373034
2000-09-28,8.99777733581,2.95639083852,-38.8482310978,28.5906543089
2000-09-29,7.79959724561,0.580631218155,-39.0862145993,29.9403606929
2000-09-30,9.25736275217,0.658270154792,-38.5126448457,28.5809874528
2000-10-01,9.64937711275,-1.45964873164,-38.4283568628,28.7961895107
2000-10-02,9.08696175953,-2.48727696523,-39.5005281588,29.10467993
2000-10-03,9.42184205526,-1.77147698447,-38.5769577724,30.439198858
2000-10-04,9.8878371025,-2.69002702285,-38.1720810266,31.3769782956
2000-10-05,12.0548797866,-1.76727237303,-37.6121362187,31.5352718594
2000-10-06,12.2819336326,-1.02153158035,-36.941713082,31.8008404088
2000-10-07,10.9970652701,-0.699095766678,-36.9490055863,32.4517722644
2000-10-08,11.6588269081,0.478363904068,-36.2188834576,31.9423844427
2000-10-09,12.7855890592,0.0820665631051,-35.8152086654,32.3662851858
2000-10-10,13.8431753013,0.763862163665,-35.0231247368,32.7392720115
2000-10-11,13.5361791304,0.0567048947645,-34.2125116474,31.3299687563
2000-10-12,13.462483394,-2.46977017385,-33.8946219857,30.8907258024
2000-10-13,14.1734909815,-1.33846209694,-33.1564096237,30.4152130573
2000-10-14,13.4964413428,-2.49261776714,-31.7039263125,30.5551967558
2000-10-15,12.7504045255,-3.48323290369,-30.991888578,31.0638386513
2000-10-16,13.3258326484,-4.02540233708,-30.0502109066,29.0569052958
2000-10-17,13.7862649059,-4.06728419088,-31.1148629924,29.4566468283
2000-10-18,13.5237085509,-4.85680137367,-31.1320852421,27.7560061797
2000-10-19,14.8409165081,-5.40407269896,-32.5591915479,28.3660737547
2000-10-20,15.1148020334,-5.36372220476,-32.7448162637,29.8304071134
2000-10-21,14.4808113894,-5.28566557652,-32.7150219096,29.9481282286
2000-10-22,15.5231138019,-6.02326478961,-32.9409141999,28.4872666846
2000-10-23,13.341176436,-7.20832110205,-33.5472276062,29.1465913057
2000-10-24,14.15828733,-6.97671708611,-34.8367678608,29.632330307
2000-10-25,15.4938322064,-7.12349887599,-36.3431030549,30.115487452
2000-10-26,15.1210620751,-6.52025896114,-35.6801809057,29.33544105
2000-10-27,16.2832500858,-6.51925856104,-36.2733061485,28.4041017208
2000-10-28,16.3451593716,-6.20226603578,-36.3903853426,30.6608867879
2000-10-29,18.0072338511,-5.41061167802,-37.0977662006,29.3560375783
2000-10-30,18.8454806203,-5.63640831732,-35.3564519647,28.7786373931
2000-10-31,17.2601591137,-4.78310158469,-35.2047030538,29.4119997023
2000-11-01,17.1398758196,-4.61208242745,-35.8994068028,28.1251977569
2000-11-02,16.6249760465,-3.88739431165,-36.3140123697,27.9685139589
2000-11-03,15.7916577764,-3.55290014221,-36.1786447892,27.3115000799
2000-11-04,16.5432655027,-2.72296951884,-37.0346991482,26.7792230978
2000-11-05,17.8805216131,-2.09631403529,-38.1380352455,27.3272631685
2000-11-06,18.4500441062,-3.81221186491,-39.2155357075,28.5735046251
2000-11-07,18.2728247784,-5.31368750305,-38.5855223117,30.4650124254
2000-11-08,21.7566439084,-5.30714269314,-37.1216339294,29.6014411012
2000-11-09,23.1272387604,-5.30428634421,-37.6775519957,29.5021554768
2000-11-10,21.9476292855,-6.00238957815,-35.7583991149,28.3779612574
2000-11-11,21.3697474605,-6.92867285079,-36.6612796145,29.3411796913
2000-11-12,23.2693809934,-6.18603155603,-36.4851472749,28.8057312599
2000-11-13,22.6364230273,-6.79666291157,-37.0328295981,28.4547991118
2000-11-14,22.2839702025,-5.5761365785,-37.4969756736,28.2748988236
2000-11-15,21.4502843109,-6.89423712082,-35.6317635844,28.5757753925
2000-11-16,20.9870698187,-6.93973286617,-34.6452324392,28.2803397873
2000-11-17,20.1299799216,-6.04207785548,-35.425137704,28.2414138385
2000-11-18,18.9247014869,-7.31690524732,-34.9229787842,29.0966356614
2000-11-19,18.547936243,-8.33406199655,-36.1970074346,28.7116296734
2000-11-20,18.0209621395,-8.59146130926,-36.6779714901,28.0201688077
2000-11-21,18.0148226113,-8.8861140883,-36.9703588224,27.048025319
2000-11-22,18.4675735531,-8.73338319857,-37.2111215507,27.1958710068
2000-11-23,18.9968449285,-9.21440306446,-36.2817231444,27.100016594
2000-11-24,20.3454786994,-10.2872770326,-36.5489606339,27.7612237264
2000-11-25,20.6208110166,-11.2795871018,-35.482899979,27.2558534503
2000-11-26,20.0689417434,-11.2175638982,-34.6162260828,29.5706827452
2000-11-27,19.8211965268,-9.76492083169,-33.0743405175,30.8875341216
2000-11-28,19.4541570827,-10.4236954798,-33.9524595513,31.8402137081
2000-11-29,18.6708302746,-9.76239407005,-35.4467272711,30.7868239032
2000-11-30,17.971414966,-9.45377096212,-36.2683887091,31.5908518636
2000-12-01,16.1793848049,-8.5288702185,-36.9355413121,30.7541753976
2000-12-02,17.15076087,-9.16332753214,-37.5101188586,29.9142616312
2000-12-03,17.749963936,-8.91049460604,-38.4643829553,29.119569034
2000-12-04,17.3808144493,-8.82474854059,-37.7961124795,27.5638456871
2000-12-05,18.0508852444,-9.00194231602,-36.9757712402,26.4616038824
2000-12-06,17.298975424,-9.41310827909,-35.9269570244,26.9995131412
2000-12-07,16.5934944816,-8.62330806571,-34.5410721187,27.680194567
2000-12-08,16.5673897058,-8.14180997184,-33.8995913761,27.3888488266
2000-12-09,15.4467587447,-8.37175469278,-34.936256437,27.0234211868
2000-12-10,14.7729386269,-7.91424057201,-35.9002564092,26.9161523773
2000-12-11,14.4423423114,-7.79711107756,-36.0248283556,26.0521662046
2000-12-12,14.5045192366,-9.32242570826,-37.4071419719,27.3722816229
2000-12-13,14.9250043064,-10.3443524934,-37.3067342602,28.3065571861
2000-12-14,13.7176294757,-10.9438512892,-37.9881009899,28.5602898183
2000-12-15,14.4480310746,-11.5836322149,-38.03506889,29.8913732197
2000-12-16,14.0805553661,-12.192476558,-38.2754496122,29.8991111179
2000-12-17,15.0317487588,-12.4078582916,-38.0079741405,28.9732055921
2000-12-18,15.3288820885,-12.2426765463,-36.815557931,28.4957418237
2000-12-19,14.4911259986,-11.6580985047,-36.533964443,28.8422620766
2000-12-20,15.0167610524,-13.5774246928,-36.8097018845,29.0721398028
2000-12-21,16.2112905764,-13.14244263,-34.7616016204,28.3503784797
2000-12-22,17.1850320744,-11.3536291622,-34.4932281428,28.3515402526
2000-12-23,17.7381017861,-10.6667259673,-34.0824016015,27.8756850831
2000-12-24,17.4637146257,-11.5704567739,-32.6768335748,27.044046063
2000-12-25,15.6136474848,-13.1667538068,-31.865709704,26.4903582537
2000-12-26,16.7983937985,-12.4613299186,-32.9148635136,28.5900152671
2000-12-27,16.574791624,-13.8220509202,-33.6455894378,30.4188889922
2000-12-28,15.8183774085,-12.9922991276,-33.7305705663,31.839935732
2000-12-29,15.7571037135,-11.9984243887,-34.1814612115,33.8991065594
2000-12-30,14.2902324188,-12.0429888527,-33.1677390315,33.196929739
2000-12-31,13.7764769782,-12.1193312915,-33.8640025663,33.7483428451
2001-01-01,14.2716374352,-12.8776177218,-34.6059626847,35.3233309068
2001-01-02,15.0188748368,-13.2498428085,-33.5415524724,35.2074781416
2001-01-03,15.9778287476,-12.5954352907,-33.9037796505,35.7484807957
2001-01-04,14.4783204201,-13.6045490331,-34.632282184,36.5096638533
2001-01-05,14.4932841539,-13.0261322888,-36.0625892386,35.5468687705
2001-01-06,14.1197195477,-12.0715356494,-36.685201079,37.9147439359
2001-01-07,13.1324502928,-12.023226819,-35.2912112158,38.6645305504
2001-01-08,12.4985424731,-10.9963356248,-36.7030399239,38.8812186058
2001-01-09,11.7284509246,-10.5284677945,-38.216989909,39.7285392733
2001-01-10,10.5488961177,-9.65501666039,-36.5403916615,39.4628900893
2001-01-11,10.0884066846,-9.24328359589,-36.5452983096,39.9565732217
2001-01-12,12.96307184,-7.67826512117,-37.5990760117,40.212540623
2001-01-13,13.3827137013,-8.41113562365,-37.9459008921,40.7512409913
2001-01-14,12.9425224364,-8.71128669145,-37.4365459412,39.9940883526
2001-01-15,12.0624686988,-8.01269960458,-38.7540059248,40.2812948496
2001-01-16,12.2450590977,-8.03104043409,-39.0252621741,40.2638476392
2001-01-17,14.2122829579,-9.77422251617,-40.8027322974,38.9721812889
2001-01-18,12.9062127776,-9.92187323513,-40.9320756439,39.2085100531
2001-01-19,13.3210259707,-8.97777420211,-41.1628468801,38.3986762007
2001-01-20,13.3368287714,-9.00891040936,-40.1229880027,39.2471588448
2001-01-21,13.6745037572,-10.0378141825,-40.6812319107,39.2129687749
2001-01-22,14.2283131699,-10.6452199878,-39.5771329459,39.7332685803
2001-01-23,13.0487220382,-10.7242880085,-37.4983468437,40.3138453789
2001-01-24,12.8914597998,-11.4401896614,-36.9298017357,41.2694086575
2001-01-25,13.5112719228,-10.7323795201,-36.7619086107,41.7972276972
2001-01-26,11.2536219185,-9.99939305515,-36.8199191384,41.6117286408
2001-01-27,10.7316896292,-8.17625776778,-36.6328040662,40.1581517322
2001-01-28,12.3142237603,-7.63463039733,-35.3916458551,40.5672788445
2001-01-29,11.3039656252,-8.2776958139,-35.8728584418,40.9765306726
2001-01-30,13.4295487133,-9.81626854581,-34.9609530984,39.6789278667
2001-01-31,15.6464343618,-8.09810174984,-35.1717015319,39.8978507247
2001-02-01,17.4254283943,-8.99604118818,-35.04508301,39.7946641847
2001-02-02,17.6951571324,-7.43748154197,-35.8569942131,39.4525392955
2001-02-03,16.8424278371,-6.50913369925,-34.2200837621,38.1533465467
2001-02-04,15.7199201477,-7.129343705,-36.8945049556,38.8232658697
2001-02-05,14.1642401165,-6.72118816571,-35.5761776651,38.1528017015
2001-02-06,13.6446290356,-5.76154398368,-34.4743624696,38.0471128969
2001-02-07,13.965039899,-4.47605813424,-34.7672321247,36.120911045
2001-02-08,12.9160002354,-3.95292867761,-34.3911936168,37.4409689445
2001-02-09,14.2772542212,-6.00378637875,-33.380797854,37.6310391279
2001-02-10,14.7822089524,-5.68482369862,-31.4104252274,35.205824228
2001-02-11,14.0348534435,-5.28968775214,-31.3035129157,36.5747412314
2001-02-12,14.6152257629,-4.10586086673,-30.1764325065,36.1457735063
2001-02-13,14.330746885,-4.67347129249,-29.9621214777,37.3009189731
2001-02-14,13.7759157238,-3.53384503508,-28.3470230446,36.9424101305
2001-02-15,13.1053624736,-3.36332380575,-29.3910870982,37.2699807517
2001-02-16,12.4251696116,-3.31735985398,-30.84373342,37.7676617482
2001-02-17,11.9772047187,-3.30378086954,-32.5670992502,37.3729727072
2001-02-18,9.81487103931,-4.33796102142,-31.985747037,37.0022719603
2001-02-19,11.422628305,-3.23245213294,-31.8052641823,36.131914909
2001-02-20,11.3536242658,-3.79642815343,-31.0153243683,35.6299865305
2001-02-21,12.2269467624,-2.81361897931,-31.5702549135,32.8258691263
2001-02-22,12.1264441706,-1.50543332843,-31.9720936771,33.6039031766
2001-02-23,12.5753884081,-1.64018878857,-33.9463338414,34.1045365617
2001-02-24,11.774910259,-1.98314663408,-33.3392579874,35.2909202647
2001-02-25,13.3885313099,-3.03117767431,-33.3280492605,36.7544241335
2001-02-26,14.464208923,-2.90405343338,-36.3647740447,35.8350800123
2001-02-27,13.8087704944,-2.98358203406,-36.9784268039,37.4111144897
2001-02-28,14.7116919886,-3.18949895915,-38.8457643759,36.7475637617
2001-03-01,14.403408526,-3.72312477156,-38.3623169823,38.5855902759
2001-03-02,15.6815668628,-3.58628306906,-39.660123819,38.600264075
2001-03-03,16.0628578117,-3.10946832404,-41.4429353253,36.4889169721
2001-03-04,16.2013125675,-2.05795371974,-41.545061525,38.1237978858
2001-03-05,16.3604597631,-3.04877251403,-41.7684799381,39.7624762233
2001-03-06,17.5877333059,-2.72169416837,-42.9767156654,39.9261424523
2001-03-07,18.4645602484,-2.98147747425,-41.2287030369,42.6822671697
2001-03-08,20.0902703987,-2.74337053473,-41.9675796531,45.5611502487
2001-03-09,20.3875572945,-3.70229699102,-42.3084439613,45.2034339819
2001-03-10,21.5722985824,-4.64827019134,-43.405637849,46.1572520962
2001-03-11,20.6426170206,-4.96763804044,-44.5911860271,45.6829953632
2001-03-12,21.2212712134,-4.63925019981,-43.9789570686,45.8990347678
2001-03-13,23.0028442905,-5.45001850377,-44.3044988323,44.9180275942
2001-03-14,23.2256441862,-6.61792861856,-44.0077643655,43.8272696886
2001-03-15,24.1690920528,-8.24084546336,-46.3546957946,45.2814957716
2001-03-16,23.5607751983,-9.58688397375,-46.2977325893,45.1975391837
2001-03-17,23.3262034515,-11.318419335,-46.26313553,44.4805078255
2001-03-18,22.9946977217,-11.5472808889,-44.5025940936,45.4715945055
2001-03-19,21.8526143343,-11.665374275,-43.4894095927,44.9388467471
2001-03-20,23.1771997567,-10.8324337378,-44.1148950976,44.2499615099
2001-03-21,24.31773939,-9.67700751358,-42.920256087,45.5340846699
2001-03-22,23.8965934994,-9.76341163087,-44.2377926547,45.1796914856
2001-03-23,24.3914755796,-9.42568392367,-43.5467499802,45.4223270488
2001-03-24,24.5803003649,-9.62373545525,-45.2925419572,46.4605531736
2001-03-25,25.1357534908,-9.71086425014,-44.1181487308,46.0941508957
2001-03-26,26.5442764767,-8.89992936583,-43.9175093688,46.77678476
2001-03-27,26.3917098075,-7.0323731712,-45.3569926284,47.0678253673
2001-03-28,25.3326621166,-7.26031117421,-45.0764682119,48.2915360882
2001-03-29,25.168630706,-6.6782560391,-45.0595035679,47.1538596029
2001-03-30,26.4834679241,-5.80967332155,-44.7260434144,48.0370651878
2001-03-31,25.9087587005,-3.80895254172,-45.6117477734,48.5288445333
2001-04-01,25.5608925506,-3.62844085495,-45.9977213815,48.0514218578
2001-04-02,23.235710862,-3.19029677858,-46.9795674379,48.9167179347
2001-04-03,22.298926857,-3.323166245,-48.1895266744,50.4447116557
2001-04-04,22.2747049324,-2.13810409749,-48.005644299,51.695306372
2001-04-05,21.511611627,-3.45063153719,-48.6995900608,52.6804864057
2001-04-06,22.3083842055,-3.7163812736,-48.7348123746,53.7301349452
2001-04-07,22.4040277009,-3.80440346345,-49.0339587063,52.6162937437
2001-04-08,22.6998155669,-4.22469423074,-47.2824638971,52.0675766009
2001-04-09,23.5758604221,-2.82808163851,-47.5011933891,52.0286073611
2001-04-10,22.3871298625,-4.68631233065,-47.3476213275,51.1007112359
2001-04-11,23.1615386113,-3.80051370353,-46.3680434181,49.9033996831
2001-04-12,22.4883019104,-3.20522765049,-48.5529714917,48.1646249779
2001-04-13,23.2876164563,-2.65577615479,-46.4676478379,47.2520326326
2001-04-14,21.9097774585,-2.08290584204,-47.5669571271,46.8425795281
2001-04-15,22.2168023818,-1.2518968434,-47.9574402213,46.1777513711
2001-04-16,22.5860921793,-1.92360727719,-48.3861355994,45.3911074247
2001-04-17,22.1571467692,-2.49320154555,-48.7795529164,46.4588765379
2001-04-18,21.1689657183,-1.42585756641,-49.3512382186,48.1043801242
2001-04-19,20.3203610846,-2.68345750211,-49.5677510457,47.4867807541
2001-04-20,19.8207984074,-3.4761788642,-48.9006306092,47.1678908609
2001-04-21,21.4758665334,-3.40752328584,-50.4947254421,47.3757931993
2001-04-22,20.6435521319,-2.02961890673,-51.7220643373,47.358178681
2001-04-23,19.9479297324,-2.74489372732,-50.9234211276,47.5251899255
2001-04-24,19.4776737813,-2.39352303735,-50.6935710561,47.1200898206
2001-04-25,20.7109741213,-2.47118700723,-51.5803139779,47.9846148732
2001-04-26,19.1097640221,-1.372677686,-51.1056788989,48.3717364194
2001-04-27,19.2010236337,-1.29564789308,-50.0787731398,49.1324899309
2001-04-28,17.9269059477,1.16142738215,-48.9101206328,51.2616570415
2001-04-29,17.4693836239,1.46922924059,-50.4538671709,52.2171414379
2001-04-30,17.9641907129,2.11720801358,-50.0147966002,53.4507570302
2001-05-01,18.0203460144,-0.342327980197,-50.0282697129,53.5526086028
2001-05-02,16.9405019895,-0.408263654551,-48.0821463563,54.9678912526
2001-05-03,16.4031142465,-1.26376909387,-47.459769051,53.4275732941
2001-05-04,16.1732989421,0.106118047906,-47.8164305135,52.4298660728
2001-05-05,16.1589457916,0.495606436911,-47.1490653967,52.2307530647
2001-05-06,16.2336702371,-0.472926266782,-45.8936960928,51.6238142116
2001-05-07,16.032409435,0.62351941066,-46.0951693466,53.1966321569
2001-05-08,15.8403788158,-0.938272889326,-44.4762480659,53.0286285276
2001-05-09,16.4326041231,0.521204714018,-43.2869446797,53.5402781473
2001-05-10,16.1709388436,-0.319487367286,-41.0020359591,54.2287776284
2001-05-11,15.5960030255,-2.51339266381,-41.0783826734,54.5948208877
2001-05-12,15.1258815524,-1.25929999645,-40.0964890896,55.1862928568
2001-05-13,14.2960692897,-0.370461871199,-41.2288657812,55.6528060758
2001-05-14,13.60512656,-0.289737654922,-40.5766626686,57.6957439718
2001-05-15,14.6615390433,0.583033824112,-40.6503774308,56.153985637
2001-05-16,14.5286496235,-0.101437516872,-40.8623113595,57.2886508904
2001-05-17,13.7418412925,-1.02218422292,-41.1718411188,58.0526515973
2001-05-18,13.9035210253,-2.34950914014,-40.9132723508,56.8423399926
2001-05-19,13.7307993816,-2.1205051892,-41.6373318747,55.9217292968
2001-05-20,10.9832714646,-2.76639036383,-41.7603790991,55.5324200892
2001-05-21,11.0641842358,-3.54850862627,-41.1531538626,55.8570263951
2001-05-22,9.83550464701,-3.44658830596,-40.701338875,54.4248155651
2001-05-23,9.00762118557,-2.64777157569,-40.9342933906,53.8242559858
2001-05-24,8.34091594344,-3.23170220668,-41.6480346371,53.5155677328
2001-05-25,6.88695562248,-2.48014785521,-40.569779011,53.205379902
2001-05-26,6.38139890443,-2.62339284432,-41.5321444558,52.630724247
2001-05-27,6.67705487316,-2.45194269355,-42.492880484,51.2743863209
2001-05-28,6.39961339221,-2.06804429707,-42.8558503831,50.2572982885
2001-05-29,7.30844082722,-2.20476281939,-41.6245835053,51.3449241441
2001-05-30,7.62049591877,-1.48767581662,-42.4695891892,52.1033009672
2001-05-31,6.11537511799,-0.598428638798,-42.1748383158,52.5999254236
2001-06-01,5.81138360063,-0.822376157597,-42.4481837897,51.6154702632
2001-06-02,6.34545554064,-1.25407786237,-42.0311045335,50.2587123295
2001-06-03,6.16827902869,-2.80857874184,-42.610250351,50.3737990357
2001-06-04,6.99556149932,-3.0818293197,-42.3305697302,49.9726407403
2001-06-05,7.28421638823,-2.54387090589,-41.3666689168,50.344068164
2001-06-06,7.24782560965,-2.9392472703,-42.5384553169,49.5380414163
2001-06-07,7.48002299282,-3.40272791568,-42.7778043886,50.0288064721
2001-06-08,6.88299217802,-3.234947842,-43.8396413433,50.6782045177
2001-06-09,7.72976280555,-3.45248768583,-43.1516021017,51.9694936648
2001-06-10,8.77541517716,-3.41691541041,-42.5929949993,50.175855263
2001-06-11,7.72793410289,-4.26678042797,-43.6646824348,50.9007130375
2001-06-12,6.06315706508,-4.69729512683,-46.6771191892,49.8463435373
2001-06-13,7.07176974575,-6.30864210437,-47.283177552,50.4774121313
2001-06-14,6.06207880466,-5.47299715148,-48.5608427588,49.9958807924
2001-06-15,4.79199370867,-6.24147676215,-46.9417278779,48.6958177216
2001-06-16,5.77867380057,-5.57297232018,-46.1853565497,50.2725577425
2001-06-17,6.57087481435,-7.55121080079,-46.9056111526,48.7497624934
2001-06-18,6.91416656473,-6.12923051242,-46.4457678184,45.683175444
2001-06-19,7.37340100347,-4.91969584831,-47.091027548,45.9208633252
2001-06-20,5.49005209518,-5.38279488734,-46.7641002253,45.7905617557
2001-06-21,7.15256413395,-6.13318217245,-45.1051475784,46.3493589997
2001-06-22,7.15488957313,-6.373973752,-46.7455061489,45.7880852093
2001-06-23,9.28808375745,-5.24265499055,-45.4070951315,46.7366830111
2001-06-24,11.4743857737,-5.31036288165,-45.8906758652,45.0966296436
2001-06-25,12.5931085248,-4.67529909193,-45.1590517332,44.5238913096
2001-06-26,11.9009936049,-7.53567773982,-44.1775745328,44.2943230892
2001-06-27,11.2956993562,-8.04514360303,-43.8839650828,44.8276527255
2001-06-28,10.380547631,-9.36258232722,-44.348657101,44.0549124447
2001-06-29,11.1757804245,-11.9927556294,-43.0037307945,45.5582811542
2001-06-30,9.87963741592,-12.1770696572,-44.3789821635,46.6960306431
2001-07-01,10.2970670186,-12.7815317749,-44.8093338749,47.030781233
2001-07-02,11.6547180368,-12.732214372,-43.3816708424,47.2074977891
2001-07-03,10.8917036046,-13.3098827562,-44.383987406,46.8833601078
2001-07-04,10.0065500123,-11.9722924508,-45.5722490022,46.7380303127
2001-07-05,10.0266161449,-11.7395499966,-45.5985221746,46.3888092437
2001-07-06,9.13193677851,-11.373426637,-45.5632591321,45.5790845212
2001-07-07,8.68384257964,-10.3969401572,-45.9476948052,46.7240021349
2001-07-08,8.84984113093,-10.1980678477,-46.7205372347,47.1968866242
2001-07-09,10.2745864375,-9.68815049517,-47.2437723043,48.266763276
2001-07-10,9.64636885392,-7.48754175984,-47.9311748642,49.6714950564
2001-07-11,10.3814974047,-7.8780359003,-47.731585117,47.0789795815
2001-07-12,9.99104499228,-8.19259109978,-49.8804477887,45.3635059514
2001-07-13,9.82405703755,-7.56406762034,-49.509280635,44.5036541108
2001-07-14,10.1051389627,-6.53781980709,-47.1767874975,46.0243222491
2001-07-15,10.3736186344,-8.66977402421,-47.1773589072,45.9455014256
2001-07-16,9.95516740949,-8.01206007295,-48.4291523124,45.7091350613
2001-07-17,10.9095143779,-6.82622319523,-48.8950681987,45.1833742626
2001-07-18,12.5712430063,-5.90278921805,-49.6301563441,44.4967606484
2001-07-19,10.3225645942,-5.81937131913,-49.8181835011,43.1777377762
2001-07-20,9.78857491927,-6.66503019687,-49.9324668339,42.3289166565
2001-07-21,11.1079786093,-6.20286065531,-49.5481236534,42.7662845506
2001-07-22,12.3895189807,-5.94348435479,-48.6752561896,41.9894558732
2001-07-23,13.0255652693,-5.3842841827,-48.477502147,43.3000040408
2001-07-24,13.508763034,-4.79513339212,-49.4255757439,44.1946298424
2001-07-25,15.001860238,-3.25552495439,-48.627819181,45.067706217
2001-07-26,13.4867585737,-3.00684227224,-46.9102841018,45.2987465021
2001-07-27,14.3669228398,-2.44627227587,-47.8050505945,45.3027865372
2001-07-28,13.8382973242,-3.74330695976,-49.2590633977,47.9294187056
2001-07-29,13.9183284512,-1.9939800142,-48.738167162,46.8533980054
2001-07-30,13.2980022117,-1.59302363161,-48.9252522035,45.7434923498
2001-07-31,12.5298854951,-0.549558256169,-48.6412791601,46.53391151
2001-08-01,14.0798754045,-1.51883970126,-48.8678634075,46.2741563711
2001-08-02,15.568073919,-0.697708012759,-49.2494196765,46.9402527509
2001-08-03,15.056869922,-1.72492141806,-48.2171650512,46.7883644258
2001-08-04,16.0756337055,-1.66779275502,-49.7831771631,45.7107314069
2001-08-05,15.7329134534,-1.04703627101,-50.8576790656,45.3715388311
2001-08-06,16.7557558235,-1.84587850507,-52.0473825034,44.5130450555
2001-08-07,15.8321657201,-1.98189613742,-53.2363904819,45.995323354
2001-08-08,13.9709480673,-2.24094641149,-54.9144026191,46.2315987207
2001-08-09,12.4477300272,-2.96583190225,-55.889184775,47.2215405664
2001-08-10,12.6206174325,-2.3908221202,-54.5982468821,48.6069417969
2001-08-11,13.2968982729,-0.660537139337,-53.8517815462,49.0306218755
2001-08-12,13.6187697376,-0.589640590248,-53.2568735233,49.8466616579
2001-08-13,12.9354079163,-0.0122700857154,-53.0701008794,50.0833985696
2001-08-14,13.5728714072,0.749431060116,-53.380929935,51.4221773468
2001-08-15,14.884729431,0.368938834057,-53.2768249449,53.0371980583
2001-08-16,14.7383482959,1.22589148769,-53.5578280457,53.2121029699
2001-08-17,13.2904705965,2.13710708957,-53.7917178064,53.5909852799
2001-08-18,14.1722851399,1.63780871182,-54.5458516257,54.3828628413
2001-08-19,15.1990665137,3.04779102603,-55.0220320864,55.1732212533
2001-08-20,16.5750407679,1.81916107098,-55.2007726918,54.8157849872
2001-08-21,15.980083034,2.93534626071,-55.9846985887,54.2169401087
2001-08-22,16.0578961582,2.32417610266,-55.1683635952,54.9343633445
2001-08-23,17.2984049616,2.51199229034,-56.0570115561,56.7919169666
2001-08-24,17.5689366853,2.64147578323,-56.3115363295,57.9350761524
2001-08-25,18.0427532352,4.29433706683,-54.3377413324,59.7453919013
2001-08-26,17.8185680606,4.57995216468,-56.3460791747,58.2287126879
2001-08-27,18.3919128848,6.18866106143,-56.0778740674,57.6568841958
2001-08-28,19.081826096,5.83187557949,-54.8491924129,57.3506723224
2001-08-29,17.8692915162,5.41745633507,-57.0403710869,57.7175962729
2001-08-30,17.7402025618,5.33535806288,-56.664005454,59.1804495981
2001-08-31,18.5514564969,5.75444008213,-57.7349111548,59.6087559394
2001-09-01,16.3604968246,5.23245447392,-56.6883140503,59.0434202773
2001-09-02,15.7786730664,3.5613948459,-57.3699506247,58.3125406268
2001-09-03,17.2762366599,3.92924843249,-58.2186892909,59.4121353661
2001-09-04,17.6870393568,3.74934082918,-58.7891005159,61.1398211664
2001-09-05,18.1345797858,2.98669187245,-58.060873321,59.0980033966
2001-09-06,17.0830679933,3.76012118575,-58.0926816051,59.1705220605
2001-09-07,17.8996795887,2.90417556434,-58.2346767359,59.926261411
2001-09-08,15.65246813,2.61244640355,-57.7732012938,60.3822761691
2001-09-09,15.4670246101,4.04256964704,-59.0219173026,61.8318504637
2001-09-10,16.1706372459,5.26643962702,-59.7367183788,60.2207171557
2001-09-11,16.4239658637,5.72427140956,-59.7154418768,61.0636735617
2001-09-12,15.9134000957,6.00118678666,-59.9004114272,61.1557606197
2001-09-13,15.4823991117,5.699304159,-59.8701841171,61.6320205424
2001-09-14,14.7418237739,5.56850619884,-58.2112223915,61.1677867532
2001-09-15,14.8219941249,6.26127779872,-57.1805456738,61.1198420236
2001-09-16,14.8855593367,6.78990017742,-57.1267350112,61.7732232717
2001-09-17,14.6917702062,7.69775847219,-56.1377223251,61.8750972446
2001-09-18,15.2017980907,8.17054585516,-55.7633920751,63.0020613151
2001-09-19,16.4828458872,10.1032960054,-56.6234200632,60.9548722985
2001-09-20,16.5211749667,12.001798044,-56.961636904,61.4450257022
2001-09-21,15.0654902343,11.6298464303,-55.1726115024,62.780905362
2001-09-22,15.6436190432,12.6448890386,-54.6076684549,62.0684256528
2001-09-23,16.4850998113,11.5958880451,-55.7025414715,61.2215364895
2001-09-24,16.9804121269,11.5885118688,-55.5978548704,62.7410633506
2001-09-25,15.164915319,11.1370443309,-55.2664663141,62.9363945632
2001-09-26,15.1243643905,10.3532414879,-56.6392772524,63.0116651547
2001-09-27,14.4067453637,11.1831988172,-55.0706466232,63.9631037295
2001-09-28,15.5311450914,11.9282417271,-55.5467634683,64.7880370457
2001-09-29,16.2684312676,12.1649196114,-53.2307627619,64.2024652003
2001-09-30,15.4585779805,11.3412701112,-52.7847754248,63.0673486662
2001-10-01,16.5564673121,9.98336775111,-51.7727558672,63.3540114215
2001-10-02,16.8703125683,10.9636815474,-51.5798502596,63.409303011
2001-10-03,16.3560480664,10.9520625092,-50.1102189229,63.699185534
2001-10-04,16.0940705507,11.1001568465,-50.9311115923,63.7650542306
2001-10-05,15.8540077773,9.96856712343,-52.3141187109,62.9223442937
2001-10-06,16.7634896425,10.0616307711,-53.6376716668,62.9552441434
2001-10-07,17.0522765447,9.28302397057,-52.0102795699,63.7727959463
2001-10-08,16.3101972156,9.3834513103,-51.9050969389,63.4039281431
2001-10-09,16.0356477907,7.58228767072,-51.2538371089,65.1372352856
2001-10-10,17.3902665054,8.78841999062,-51.2909013144,64.8285124672
2001-10-11,16.6100573675,9.1605124044,-50.2193310751,66.1949277198
2001-10-12,17.2670365548,9.0759559571,-50.9927077748,67.5372649583
2001-10-13,17.1991593998,9.66995572258,-51.4891810311,66.6321305479
2001-10-14,16.6951485526,9.54522580901,-51.4274817119,67.8994803676
2001-10-15,16.1895356056,9.25292779616,-51.66603232,66.4721250315
2001-10-16,15.8010215191,9.5509945369,-52.7278394234,67.0835609973
2001-10-17,15.8896609347,8.98824774855,-52.9577183294,67.096083935
2001-10-18,17.2182575591,8.53568090699,-53.0962769493,67.9943140802
2001-10-19,16.3534502319,6.93690102806,-52.8057297992,69.2857190399
2001-10-20,16.0816677913,7.05854936578,-54.4453468331,69.5748759067
2001-10-21,15.4034088659,8.64580904759,-54.153572462,69.1220383179
2001-10-22,16.977239822,6.12341159776,-54.5747157412,71.3922657014
2001-10-23,15.9464869993,5.71734103281,-54.2167673902,73.0420558758
2001-10-24,15.4222457031,7.26389021771,-52.9045921317,71.4816742315
2001-10-25,16.3051203454,6.99437531264,-52.1251063456,70.7575193749
2001-10-26,14.7585108119,6.95610207808,-51.4579554679,69.7833911521
2001-10-27,15.1912781101,6.83703035307,-51.6291954628,69.9359303535
2001-10-28,14.804085877,6.04636402165,-51.5210543497,68.8522934345
2001-10-29,14.6269101707,6.73349092294,-52.3030570635,68.4340346616
2001-10-30,13.9308327425,7.56619507662,-52.9398784749,69.0994755307
2001-10-31,13.5206507834,5.80277702204,-51.7461797134,69.2582769636
2001-11-01,12.3525179837,5.21566624098,-51.8497986414,67.1302931249
2001-11-02,10.8964337107,6.51255089188,-51.9475513202,67.3799846476
2001-11-03,11.6423724959,5.29469385617,-52.5021772152,66.4209331642
2001-11-04,10.4593817764,4.9622964264,-53.3373028857,68.3574064719
2001-11-05,9.96599866974,5.0715864616,-53.6783890294,67.1752778374
2001-11-06,10.0873654887,4.82120070234,-53.2591842341,66.3554212218
2001-11-07,9.55130942778,5.48553191104,-55.1247857345,65.4451832346
2001-11-08,9.65277887847,6.28509248532,-53.8146267969,64.742102039
2001-11-09,8.93037441703,4.74284214988,-52.7814855313,63.2689891304
2001-11-10,9.24808738536,5.00406798297,-51.0836429806,59.9276144278
2001-11-11,9.83708614203,5.5226810511,-49.9020190672,58.455174436
2001-11-12,9.58126337892,4.25667636675,-49.8040311337,60.0262576424
2001-11-13,10.6282050362,5.82837579306,-48.9841084187,58.8458759831
2001-11-14,10.0824947621,5.19889289332,-48.3590836889,60.4197600468
2001-11-15,11.2612797293,7.42382720806,-47.338957917,61.0220647823
2001-11-16,11.1558149078,8.34901410444,-48.466389204,59.7077181553
2001-11-17,11.7864462535,10.1094416112,-50.6574548628,61.870982576
2001-11-18,10.9010216854,10.0109678307,-50.1117939127,61.0977493521
2001-11-19,8.86069751641,8.74476242741,-50.1529617719,60.1953419224
2001-11-20,9.452426254,7.62866186858,-51.8776861151,59.1054564023
2001-11-21,10.1501293116,8.00872898588,-51.411739019,60.6739121072
2001-11-22,9.21802053561,6.73564248619,-52.3911640801,62.5606923727
2001-11-23,8.68722809213,7.10821418623,-53.5002556146,62.4151111418
2001-11-24,9.63499123857,6.61937112708,-55.5722216717,62.4536380764
2001-11-25,10.5564637096,5.9393577401,-54.6636717091,62.7800958702
2001-11-26,10.4062987783,6.1586624855,-54.177345478,63.3791584539
2001-11-27,10.5069269645,6.79990631925,-54.7888486621,62.3483226425
2001-11-28,11.2596305086,5.9491062385,-53.2799829243,62.92067565
2001-11-29,10.7601981632,4.84223485327,-52.2623947651,63.1167145445
2001-11-30,9.26433777886,5.79469175464,-52.1189450749,63.2607468284
2001-12-01,9.37580393336,4.82066852041,-50.7058405395,63.0910575698
2001-12-02,10.7258852531,6.40120869138,-52.7531509242,63.988532168
2001-12-03,9.57430935174,4.61241560771,-52.0394708203,64.6082107794
2001-12-04,9.04177051175,6.11224432938,-53.1400794913,63.0177009586
2001-12-05,9.34864045202,6.23768439571,-51.8346710482,62.7788699377
2001-12-06,9.14574558765,7.73301126194,-52.2727524543,62.6086841264
2001-12-07,8.23306300135,10.070639799,-51.0623181498,63.0037407646
2001-12-08,7.69857704842,8.79714796328,-49.9364604707,62.0955872069
2001-12-09,5.34828146151,9.23096773229,-49.7952501649,61.1128219287
2001-12-10,5.02679056955,8.47492825673,-51.0212586821,61.6799360905
2001-12-11,6.58082000223,9.37675207284,-50.4170864585,62.6330242603
2001-12-12,6.13507911288,9.56938035119,-50.9791874583,62.6781507429
2001-12-13,4.51811747618,10.0198379144,-50.3291717743,63.2538258346
2001-12-14,5.11870844413,11.2685000613,-49.4921993504,63.9793994468
2001-12-15,3.85330359536,12.4726187911,-49.0352384205,67.3727587154
2001-12-16,4.37406150376,11.9925203591,-48.6333734213,68.8023285472
2001-12-17,3.19161020585,11.5577461993,-48.2499171266,68.9080624518
2001-12-18,3.80155430503,11.1116807918,-50.1989724869,66.7253146485
2001-12-19,3.37305274094,10.4617240902,-49.4397046527,68.4556867513
2001-12-20,2.70001112401,9.75605822589,-50.0558648161,68.7773161584
2001-12-21,1.98236114946,9.69101866239,-50.4656358661,69.3933851533
2001-12-22,1.38806458931,11.8592742689,-49.4287877916,69.6735184304
2001-12-23,0.212448885444,10.7735491315,-50.3406334959,69.0018941538
2001-12-24,-0.868428395223,11.3010281727,-51.4079594573,68.6170684247
2001-12-25,-2.98831575205,9.80675447232,-52.0099828703,68.9270212182
2001-12-26,-1.37150062268,9.1850350142,-52.0964806102,69.7463880111
2001-12-27,-0.592131468587,9.3120959376,-52.8158208183,70.7965463299
2001-12-28,-1.63485377543,8.17767544942,-52.9407742705,72.4269764415
2001-12-29,-2.11449525876,7.52508539942,-51.4238262819,71.5672462688
2001-12-30,-3.69556041519,8.85122100694,-50.9366327821,72.7818681954
2001-12-31,-6.48503608451,7.15940851433,-50.1099972475,73.1621889021
2002-01-01,-6.75218901618,6.95184754966,-49.446413547,73.3238998585
2002-01-02,-7.30387666282,7.67820651458,-49.3771831654,72.6505075183
2002-01-03,-8.64198395541,7.23127109849,-48.5478882525,72.4431702374
2002-01-04,-8.15809729741,5.92687037237,-47.6492923381,73.5436166499
2002-01-05,-7.34723546047,6.62089215696,-47.3558172695,72.158851511
2002-01-06,-7.58750664017,7.11133287369,-46.5830078738,71.1804351117
2002-01-07,-8.6037925032,7.64303212149,-46.8414506222,69.7625411542
2002-01-08,-8.5607501084,6.94002579523,-46.5239850883,69.4276286338
2002-01-09,-9.46331571247,6.78924326834,-46.5672993415,69.6230989419
2002-01-10,-8.90310677676,7.32777008766,-47.9726692748,67.4977993986
2002-01-11,-6.28866546477,8.12056450154,-49.0081035091,67.4257520692
2002-01-12,-5.47076581643,7.54253179126,-50.4186778225,67.1071286762
2002-01-13,-4.77865256791,8.99708149901,-50.1205215856,66.4453214102
2002-01-14,-4.41778357982,8.10762192245,-51.3169765101,65.248714608
2002-01-15,-4.26828455307,6.5914939437,-51.8667544224,63.4549334608
2002-01-16,-4.92827702143,6.05997762261,-50.8419063214,62.814613275
2002-01-17,-5.61276595492,5.90909600702,-51.9532889717,63.4379417946
2002-01-18,-5.88921254166,5.91950490408,-50.4168484177,61.2981705272
2002-01-19,-5.8273264137,6.70280482049,-48.2274811211,60.9176478937
2002-01-20,-4.97310082691,6.14814029465,-49.5135658781,62.7062174638
2002-01-21,-6.63855956541,6.42266176464,-50.3036402777,60.6805646968
2002-01-22,-7.8760469523,6.29703060894,-50.48091556,61.6681646715
2002-01-23,-7.97375365795,5.66717075758,-49.9749637742,61.2741336276
2002-01-24,-8.11977289952,6.66331037483,-49.4359505356,60.7338139373
2002-01-25,-8.61052845621,8.11240992444,-50.1668085853,61.3565512017
2002-01-26,-11.0845539738,8.54800469923,-48.3168432469,62.0062854289
2002-01-27,-11.1779571757,8.00767638404,-46.4684448037,62.3502260221
2002-01-28,-12.2230831506,10.7273464758,-48.0970865704,61.9405219253
2002-01-29,-12.6403258928,10.7124834996,-48.3735913937,60.5580356679
2002-01-30,-10.8113280598,10.7202869612,-49.0566269737,59.2228758432
2002-01-31,-12.4609964722,11.0668941233,-48.9907964312,59.9575539709
2002-02-01,-11.3120513779,12.0235913615,-48.2091737071,59.0986278945
2002-02-02,-8.73357501605,10.8930564685,-48.159059249,58.7518581982
2002-02-03,-10.0666134992,9.82871702021,-48.4658568471,57.8431581343
2002-02-04,-10.1843689193,7.4147363676,-48.3910082136,57.7694372973
2002-02-05,-11.0078324963,6.74497027245,-47.1340887022,56.9137432223
2002-02-06,-10.3136018466,5.03825501881,-46.4803609989,57.8426784909
2002-02-07,-10.3102951067,6.01349397098,-45.8754290725,58.1054318286
2002-02-08,-10.2229626519,6.03318951346,-44.9584114391,56.9471801488
2002-02-09,-10.9223025376,5.67118442289,-43.7097055825,55.2434973461
2002-02-10,-11.3706435193,3.61980907187,-44.8135521755,55.4312145855
2002-02-11,-10.1072833828,1.799277243,-45.1017696557,53.6478429062
2002-02-12,-9.8085474871,2.51991333863,-43.9878020567,52.0188928264
2002-02-13,-10.9765524726,1.04162265265,-46.6233572031,52.6046558023
2002-02-14,-10.4631183909,-0.151088162044,-47.8176843469,53.5135623435
2002-02-15,-10.2701953604,0.0954813892747,-48.1573982532,54.9638971465
2002-02-16,-9.51366779208,0.172171963536,-48.7813041816,53.5231441385
2002-02-17,-10.1638986091,-0.589237393892,-47.8067931416,52.6355148384
2002-02-18,-10.9576196186,0.892038499988,-47.118190178,52.2965453555
2002-02-19,-11.539317693,-0.6872660681,-47.723870536,52.0355490497
2002-02-20,-11.6744579254,-1.68177145371,-49.4070352665,49.8783938113
2002-02-21,-12.1297967844,-2.00313815499,-49.2720988424,48.716045615
2002-02-22,-13.4515086544,-1.64515977591,-48.4250948178,49.9321219018
2002-02-23,-14.0591034073,-1.10881501528,-47.0025969698,50.1141538295
2002-02-24,-15.4414509877,-1.83674408933,-48.2996722512,48.1116224175
2002-02-25,-14.0935425897,-1.34079261794,-48.8217851133,46.6615315798
2002-02-26,-13.9507339294,-1.91009282652,-47.6328952068,45.8160231515
2002-02-27,-12.6656715852,-1.96248575508,-47.5404760497,45.6164148383
2002-02-28,-11.5049996061,-3.38234397096,-48.3477040319,46.1022650576
2002-03-01,-7.96826471521,-2.97884555884,-46.8271479438,46.4572333241
2002-03-02,-10.6365267137,-2.5054264457,-47.1918675144,46.8804742339
2002-03-03,-11.4320656511,-2.5121881524,-46.2609874866,47.5358842174
2002-03-04,-12.5656344594,-3.10551702579,-46.9364932602,48.3980854484
2002-03-05,-11.4982184366,-2.12384055603,-47.5642244904,46.2140989096
2002-03-06,-11.7065354043,-3.05766547464,-47.6141174897,44.6015877591
2002-03-07,-10.6352847568,-2.4415930604,-48.7292319765,44.3394280162
2002-03-08,-9.36718588599,-3.31258392271,-48.8573105587,43.9485423437
2002-03-09,-9.67596794552,-3.1023905414,-47.672898582,43.309598925
2002-03-10,-11.7808861033,-3.43224175951,-48.9446684545,43.6917409131
2002-03-11,-9.54779524549,-4.14075494017,-48.6728604336,44.2361329261
2002-03-12,-8.59229841637,-4.5193469536,-49.5061222913,43.150969749
2002-03-13,-9.41259784049,-5.91874383538,-49.9520403239,41.2806955847
2002-03-14,-9.54093072696,-6.430389632,-50.5191879054,41.8166784342
2002-03-15,-10.8740324514,-4.82028074918,-49.4134282178,42.8827933859
2002-03-16,-10.3551456915,-6.354348182,-50.6194041723,43.9324423293
2002-03-17,-10.4302710481,-7.09192610572,-49.4750570946,44.193091179
2002-03-18,-8.43190698512,-6.42828721137,-49.0393180332,44.2748764764
2002-03-19,-8.5643875012,-7.31848676954,-49.5805137336,43.6009811224
2002-03-20,-8.91133107713,-9.40374085735,-48.8079198091,43.4435730658
2002-03-21,-9.2038273947,-11.1023455006,-49.8135483099,45.3536947029
2002-03-22,-6.93462483325,-12.3612999858,-49.756036659,45.5540157045
2002-03-23,-7.31102754204,-11.8256801441,-50.6352487653,46.1880489316
2002-03-24,-7.02221356705,-12.519811838,-50.3878289068,46.4115191559
2002-03-25,-4.53977865958,-10.4925517725,-49.814263395,48.1486344034
2002-03-26,-3.17561710565,-9.03140946981,-50.7405257601,46.7258123866
2002-03-27,-4.21167997738,-8.29974564247,-50.8966259221,46.692426304
2002-03-28,-4.49131117329,-6.7004245039,-50.8822734228,44.9661642628
2002-03-29,-5.09710163629,-6.85395647608,-51.3147632704,45.8985719983
2002-03-30,-3.56358984348,-7.70262207466,-52.8144915168,45.6088705479
2002-03-31,-4.8307647664,-5.8393507343,-52.4484821507,46.6469704513
2002-04-01,-3.44151590505,-5.6743239239,-52.3765309431,47.4526715795
2002-04-02,-5.53202013382,-5.04408541841,-53.7897377002,49.4717677811
2002-04-03,-4.86799260274,-5.87929017129,-54.5397128311,48.9978316903
2002-04-04,-3.7890016293,-5.48857434032,-56.3518446627,49.2605582402
2002-04-05,-3.14951151745,-5.25234134464,-56.333998153,51.2352171461
2002-04-06,-3.92313943952,-8.49924821546,-56.5881419155,51.2971648382
2002-04-07,-4.27435502885,-7.50758105808,-56.1782614568,49.4534713687
2002-04-08,-3.53029464588,-8.42204055572,-57.2394798906,49.0624420036
2002-04-09,-4.3875815374,-7.56851624423,-58.2422550198,47.4331206055
2002-04-10,-5.84159579931,-7.47280575445,-57.3600496525,48.2479178386
2002-04-11,-6.42313539245,-7.19378483374,-57.3499378236,47.2327304683
2002-04-12,-7.2119202614,-7.03592478616,-56.9701734944,47.7030192807
2002-04-13,-8.8762675029,-6.32374317619,-56.8826676693,45.5573616401
2002-04-14,-10.7595559428,-7.24918739307,-56.9203424796,45.8479492723
2002-04-15,-11.8310810099,-7.84025387231,-58.9938138782,44.9143549908
2002-04-16,-10.2490377939,-7.50294055746,-58.8299728253,44.4775934833
2002-04-17,-10.2314888844,-8.50490224426,-59.0877087074,43.5645131381
2002-04-18,-10.5288640992,-8.77228985716,-58.4847713246,43.3708879326
2002-04-19,-9.96288793018,-8.76754838599,-59.081533456,44.4313060827
2002-04-20,-10.7331189367,-8.95028870503,-60.1014542313,43.673453549
2002-04-21,-11.420705997,-10.4292193206,-60.3213188932,43.4477875026
2002-04-22,-12.074866371,-8.77782977013,-59.8940940791,44.9936826954
2002-04-23,-11.6013924386,-9.5829361708,-61.7017108768,44.785355994
2002-04-24,-11.7122337382,-9.69666309804,-61.7643183417,44.7969282885
2002-04-25,-11.3960761248,-11.0424825652,-61.425104846,45.6099279483
2002-04-26,-8.53910831715,-9.76675221676,-63.007849748,46.3310865229
2002-04-27,-7.34837045514,-10.1736232432,-61.8235856249,45.5546898759
2002-04-28,-8.20896117718,-9.98765120214,-61.5628261717,45.7041469324
2002-04-29,-8.5074388985,-10.7048900397,-62.7288942813,46.737799075
2002-04-30,-8.24245064967,-12.7506313351,-61.7768910626,45.1229717987
2002-05-01,-7.49386953471,-15.907006067,-62.8307215116,45.7628960042
2002-05-02,-8.65120663641,-15.8351314831,-62.2644959092,44.3953229774
2002-05-03,-9.14755273333,-15.9938701699,-60.6713396413,44.3270806602
2002-05-04,-8.31970036045,-16.5278066579,-61.1229941088,45.0901963201
2002-05-05,-6.82800211631,-17.2370607538,-61.4582594921,44.9645446711
2002-05-06,-6.63356488681,-18.0830637494,-62.7007695294,44.6078351983
2002-05-07,-5.97252497607,-17.6986963744,-62.0260455629,43.8660459109
2002-05-08,-6.86120235506,-18.1023239339,-61.9147608863,43.0383269963
2002-05-09,-3.95234206677,-17.377329449,-62.150791921,45.2747884568
2002-05-10,-3.26456414301,-17.695577713,-63.2719858062,45.8181845264
2002-05-11,-2.75614167053,-17.9325527604,-64.1747121811,45.4365734527
2002-05-12,-2.73377394241,-18.214495303,-63.6635570128,46.7894115555
2002-05-13,-1.49113704002,-18.9969044532,-63.487137546,45.9080925514
2002-05-14,-0.109502005393,-18.4461132804,-64.0007835759,45.4343996768
2002-05-15,0.555426001308,-17.1140456188,-62.5509216949,45.4432305735
2002-05-16,1.50430469938,-16.8987185248,-63.7908908498,44.9406914262
2002-05-17,1.67710261427,-16.7545250729,-61.91078201,45.302388013
2002-05-18,1.45443900104,-16.5130796516,-61.9826558796,46.1486100241
2002-05-19,2.50400037305,-15.2920161542,-62.9872817141,45.8727624338
2002-05-20,1.16209842645,-14.7377264449,-62.9686162442,43.3927357993
2002-05-21,1.55952383689,-14.8014204768,-62.3108345458,45.2398661284
2002-05-22,1.44521718777,-14.9952939264,-61.4310122119,46.3212573771
2002-05-23,0.643620806682,-16.1444271207,-62.337833398,47.4378414715
2002-05-24,-0.186143784341,-16.2191317911,-62.3747921345,46.7499275626
2002-05-25,-0.165389769614,-15.0994951472,-61.4320098318,44.2178509106
2002-05-26,-0.290274619803,-15.8862816554,-62.3569601027,43.902319454
2002-05-27,0.192322252601,-14.9866120839,-62.003949897,45.0002193153
2002-05-28,-0.93691508984,-12.6441850213,-61.7843908485,45.6983774636
2002-05-29,-1.02540650472,-13.4708678523,-62.1536026632,47.0714878823
2002-05-30,-0.55632127567,-13.7318266631,-63.6965603769,48.3203813775
2002-05-31,-1.09591866284,-13.2777722789,-64.8309963404,48.197639053
2002-06-01,-1.63951744268,-13.1857297651,-64.8555269624,50.2572702947
2002-06-02,-0.718017506586,-13.7845498163,-66.5827791301,49.1172784299
2002-06-03,-0.397820956844,-13.9370115644,-66.3240864203,48.9933874447
2002-06-04,0.53109491406,-13.7830731371,-65.7602198788,47.3430446189
2002-06-05,0.854307075572,-12.6927495411,-66.1639620702,46.9221368491
2002-06-06,2.05655385365,-13.1199318545,-66.1472755661,44.4219914686
2002-06-07,3.37338774638,-14.2029642303,-65.7633400194,44.5229578562
2002-06-08,2.66812540645,-14.225452268,-65.4753096384,44.1769411857
2002-06-09,1.63598315259,-14.3687591,-65.8373432789,43.4280922582
2002-06-10,1.54008077193,-14.380019324,-66.8904159231,42.4445514165
2002-06-11,2.63937191588,-13.8786451293,-65.8185055403,44.4192682498
2002-06-12,2.6319090741,-14.0550060152,-67.0833953795,43.3793218075
2002-06-13,2.09803165885,-15.0529457383,-66.1346177154,44.2996229773
2002-06-14,2.19230365105,-14.8701026418,-67.1171474855,43.2614547438
2002-06-15,2.37277984352,-15.3928195373,-67.3258192428,42.9573575894
2002-06-16,1.45979325072,-17.5326524924,-67.5647539812,43.0791817974
2002-06-17,1.24899884055,-15.8881956428,-67.4509964585,44.7293131346
2002-06-18,-1.04894958169,-16.0752856345,-69.2914769939,44.2385959807
2002-06-19,-0.0352575290371,-13.9084054428,-66.3793655755,44.7758839722
2002-06-20,-0.138236255713,-15.0608550296,-68.4289241039,44.8696397753
2002-06-21,-0.204406157423,-17.7099839069,-68.4284447261,43.6661035388
2002-06-22,-2.0592653615,-18.2931057392,-68.4095924883,43.9161383348
2002-06-23,-2.37390877557,-19.0489696158,-67.4828795094,44.1816459021
2002-06-24,-1.34659553026,-20.2640543646,-67.4409100087,44.3133394315
2002-06-25,-2.39555817533,-20.5843871679,-66.820618766,42.5839433814
2002-06-26,-3.12268114288,-18.2991668817,-66.7765800976,42.8637616366
2002-06-27,-4.2892455418,-18.8309191505,-68.2602509251,42.2032960447
2002-06-28,-2.89487829605,-19.0621418536,-67.6545109858,43.6792844219
2002-06-29,-3.74696576505,-20.359047183,-68.4428365166,44.0287099879
2002-06-30,-5.99259953846,-20.4170464074,-68.6512343371,44.6606677087
2002-07-01,-5.0530672595,-19.957264411,-68.832282534,44.0239505461
2002-07-02,-4.87797681827,-19.0795065382,-69.4913732391,44.0081454571
2002-07-03,-4.35744010134,-19.6155532732,-68.6656924915,44.3694334077
2002-07-04,-4.66247362125,-18.3358747274,-68.7441142162,44.8597409752
2002-07-05,-4.72849693797,-17.716481893,-70.752791643,46.3679808749
2002-07-06,-5.53353818321,-15.9944923902,-71.2968906786,45.0954419249
2002-07-07,-5.56841157804,-16.3870243908,-72.9689215097,43.8630316262
2002-07-08,-5.22666269311,-16.0293119689,-72.7136537007,44.4075871385
2002-07-09,-5.0056555686,-16.2053276931,-71.7892087088,43.3889810969
2002-07-10,-5.57542510475,-16.3008975623,-72.3236553761,43.1427546495
2002-07-11,-5.30636237367,-15.500355465,-73.6247364736,43.4629304842
2002-07-12,-5.20490641868,-13.3810182525,-74.9257992675,43.9356798854
2002-07-13,-6.44214873295,-12.4076147248,-75.2732272149,42.5869936202
2002-07-14,-6.54319304083,-11.8674330984,-73.5570960041,44.5161105952
2002-07-15,-8.44671267947,-11.2260081764,-74.140693565,45.1038131674
2002-07-16,-8.60299251566,-12.7170033781,-74.011381843,44.1915977832
2002-07-17,-9.25200941138,-12.3360911221,-74.1783056357,45.3481509919
2002-07-18,-7.7400024068,-11.7423730908,-74.5601600058,46.598983344
2002-07-19,-7.39679448387,-12.1909145029,-74.5684059461,47.0551754477
2002-07-20,-7.02463663128,-13.1254959776,-74.7038321107,46.8764191982
2002-07-21,-4.91110307213,-11.3713777141,-75.5613732998,45.9558131262
2002-07-22,-4.00378946799,-11.4019700948,-75.2454946772,46.9235626432
2002-07-23,-2.99725417341,-10.8909641704,-76.4510608045,46.7056766457
2002-07-24,-4.00642253549,-12.0697193811,-77.8907266901,46.2024643702
2002-07-25,-2.36006334835,-10.2587922092,-78.1386609507,46.4616725266
2002-07-26,-1.82314625665,-9.80240805933,-77.245012456,46.1366869876
2002-07-27,-1.27392757705,-7.61474518941,-77.8602181228,47.0992549933
2002-07-28,-1.43765867892,-7.79068930559,-80.0678797723,46.5594911356
2002-07-29,-2.91996748482,-7.93091124061,-80.0078400985,47.6522926314
2002-07-30,-1.86718922691,-7.99482335359,-80.2118672471,47.7249228
2002-07-31,-1.53333071233,-6.42935974757,-79.7897710478,47.3254317306
2002-08-01,-1.62190091026,-5.99750267903,-79.9825043876,47.5450754632
2002-08-02,-1.26448950345,-4.36010527667,-78.9332329668,47.1635397658
2002-08-03,-1.27097166549,-4.30335895294,-78.6772961771,46.9890429985
2002-08-04,-2.99329351982,-4.7904350321,-78.7580086849,48.7928722646
2002-08-05,-3.93927599404,-4.27140819189,-79.8782770521,47.7232661588
2002-08-06,-3.8843192044,-3.55837510493,-79.6391434316,48.4543491143
2002-08-07,-4.03972750012,-4.52913794101,-78.5497757743,49.061290247
2002-08-08,-5.72182952635,-4.56617166818,-77.992577245,50.128298579
2002-08-09,-5.31453229206,-5.52149716532,-77.283497967,49.3163469502
2002-08-10,-6.51751272629,-5.39813186505,-77.5142933585,49.8431763335
2002-08-11,-8.47310426734,-5.73241355457,-78.8471439913,50.0395396395
2002-08-12,-8.26305447326,-4.70839360783,-78.9632378729,51.0666068436
2002-08-13,-8.7463323743,-6.9271937625,-77.2635285295,50.7075599181
2002-08-14,-7.3495392959,-7.64163349663,-77.0176480072,50.346095644
2002-08-15,-7.96612767792,-7.7493897776,-77.1727580773,49.7426513074
2002-08-16,-9.65169805153,-5.5077983868,-77.1303654727,50.1159812084
2002-08-17,-9.48298998446,-6.40925419548,-77.6442434343,49.7951196834
2002-08-18,-11.5450759702,-6.13557071749,-77.8815553134,50.9043474654
2002-08-19,-12.5473654957,-6.84497665916,-79.2290059163,50.8073018271
2002-08-20,-12.1830164401,-7.41650783914,-81.0398121495,51.3265027922
2002-08-21,-11.5957108847,-8.28012078179,-80.5804260319,50.238129944
2002-08-22,-10.588177441,-8.71628653764,-79.8980305356,49.4698176451
2002-08-23,-9.51376594024,-7.97846376678,-79.2680943692,51.4875185628
2002-08-24,-9.61706732265,-7.6004502624,-79.7973187369,48.980853671
2002-08-25,-10.4975196006,-8.14286249745,-80.7282343687,49.5171622795
2002-08-26,-10.1074470766,-8.63246964995,-81.7105300282,50.0907418477
2002-08-27,-10.6363265282,-8.10455965369,-80.8211997544,50.1774334004
2002-08-28,-12.052371861,-7.08852757971,-81.083008332,51.3065379673
2002-08-29,-11.256644452,-7.75450788558,-81.9687003608,50.9384225646
2002-08-30,-12.1608813578,-8.67882398709,-81.9909004745,51.0440149135
2002-08-31,-12.8466513672,-9.18703074143,-81.7005108549,50.9214306765
2002-09-01,-14.1208024678,-7.80961196965,-81.1192982836,52.4086297813
2002-09-02,-13.9399625032,-8.55831778432,-80.4994158008,53.3373713896
2002-09-03,-13.7509546184,-9.32235615619,-82.1659917176,54.562747598
2002-09-04,-12.2288826023,-9.99467042878,-82.3925111833,54.1279954028
2002-09-05,-13.8781844745,-9.24553747862,-81.7121795388,54.8724262763
2002-09-06,-13.4434536918,-9.48267337854,-80.5776007171,53.71108209
2002-09-07,-13.0237908278,-9.99317296226,-80.9646257971,54.0938569295
2002-09-08,-13.607569076,-9.80129389509,-80.4504202133,52.8356136279
2002-09-09,-14.1194763743,-9.05838978645,-79.9483167324,52.6754593434
2002-09-10,-12.5982229666,-9.65744386644,-80.5125724428,53.9772916308
2002-09-11,-12.1983897764,-9.45050421015,-80.6870907261,53.6301699735
2002-09-12,-12.2047574299,-8.81256106384,-80.9681834514,54.2928202132
2002-09-13,-12.6356001863,-8.56437788766,-81.0199448713,55.7372083024
2002-09-14,-11.9883346024,-6.63371553501,-80.9659829436,55.27730293
2002-09-15,-11.5290034339,-4.65565176639,-79.8392923448,56.2485394023
2002-09-16,-11.3001121222,-4.38088739354,-79.5651031606,55.4622382805
2002-09-17,-12.4358613575,-3.66595040771,-81.1803093895,57.5911192335
2002-09-18,-12.5191428574,-3.00547264432,-80.9203388927,59.9745319101
2002-09-19,-12.9398547643,-3.13536488954,-80.6483660903,60.9461242505
2002-09-20,-13.9274422241,-4.68132948428,-80.6494278155,60.4531789919
2002-09-21,-15.5534614409,-4.12644302079,-81.3415148401,58.9839917664
2002-09-22,-16.4491258151,-3.5221495822,-81.3405902129,58.3184737599
2002-09-23,-17.1092510733,-4.39286464803,-81.95089912,59.1759017344
2002-09-24,-17.1964427073,-5.47324162509,-82.2874617388,59.5669704489
2002-09-25,-17.9525106018,-6.3068640759,-80.2293861455,59.2843621918
2002-09-26,-18.5356957223,-5.98610584699,-81.2699045322,60.8446156878
